Workbook

Sheet Department Summary
A1: Department | B1: Total Employees | C1: Total Gross (₦) | D1: Total PAYE (₦) | E1: Total Pension (₦) | F1: Total NHF (₦) | G1: Total Deductions (₦) | H1: Total Net Pay (₦) | I1: Employer Pension (₦) | J1: Total Cost to Company (₦)
A2: Finance | B2: =IFERROR(COUNTIFS('[1]Monthly Payroll'!D:D,A2),0) -> 0 | C2: =IFERROR(SUMIFS('[1]Monthly Payroll'!G:G,'[1]Monthly Payroll'!D:D,A2),0) -> 0 | D2: =IFERROR(SUMIFS('[1]Monthly Payroll'!L:L,'[1]Monthly Payroll'!D:D,A2),0) -> 0 | E2: =IFERROR(SUMIFS('[1]Monthly Payroll'!N:N,'[1]Monthly Payroll'!D:D,A2),0) -> 0 | F2: =IFERROR(SUMIFS('[1]Monthly Payroll'!M:M,'[1]Monthly Payroll'!D:D,A2),0) -> 0 | G2: =IFERROR(SUMIFS('[1]Monthly Payroll'!O:O,'[1]Monthly Payroll'!D:D,A2),0) -> 0 | H2: =IFERROR(SUMIFS('[1]Monthly Payroll'!P:P,'[1]Monthly Payroll'!D:D,A2),0) -> 0 | I2: =IFERROR(SUMIFS('[1]Monthly Payroll'!Q:Q,'[1]Monthly Payroll'!D:D,A2),0) -> 0 | J2: =IFERROR(SUMIFS('[1]Monthly Payroll'!R:R,'[1]Monthly Payroll'!D:D,A2),0) -> 0
A3: HR | B3: =IFERROR(COUNTIFS('[1]Monthly Payroll'!D:D,A3),0) -> 0 | C3: =IFERROR(SUMIFS('[1]Monthly Payroll'!G:G,'[1]Monthly Payroll'!D:D,A3),0) -> 0 | D3: =IFERROR(SUMIFS('[1]Monthly Payroll'!L:L,'[1]Monthly Payroll'!D:D,A3),0) -> 0 | E3: =IFERROR(SUMIFS('[1]Monthly Payroll'!N:N,'[1]Monthly Payroll'!D:D,A3),0) -> 0 | F3: =IFERROR(SUMIFS('[1]Monthly Payroll'!M:M,'[1]Monthly Payroll'!D:D,A3),0) -> 0 | G3: =IFERROR(SUMIFS('[1]Monthly Payroll'!O:O,'[1]Monthly Payroll'!D:D,A3),0) -> 0 | H3: =IFERROR(SUMIFS('[1]Monthly Payroll'!P:P,'[1]Monthly Payroll'!D:D,A3),0) -> 0 | I3: =IFERROR(SUMIFS('[1]Monthly Payroll'!Q:Q,'[1]Monthly Payroll'!D:D,A3),0) -> 0 | J3: =IFERROR(SUMIFS('[1]Monthly Payroll'!R:R,'[1]Monthly Payroll'!D:D,A3),0) -> 0
A4: Operations | B4: =IFERROR(COUNTIFS('[1]Monthly Payroll'!D:D,A4),0) -> 0 | C4: =IFERROR(SUMIFS('[1]Monthly Payroll'!G:G,'[1]Monthly Payroll'!D:D,A4),0) -> 0 | D4: =IFERROR(SUMIFS('[1]Monthly Payroll'!L:L,'[1]Monthly Payroll'!D:D,A4),0) -> 0 | E4: =IFERROR(SUMIFS('[1]Monthly Payroll'!N:N,'[1]Monthly Payroll'!D:D,A4),0) -> 0 | F4: =IFERROR(SUMIFS('[1]Monthly Payroll'!M:M,'[1]Monthly Payroll'!D:D,A4),0) -> 0 | G4: =IFERROR(SUMIFS('[1]Monthly Payroll'!O:O,'[1]Monthly Payroll'!D:D,A4),0) -> 0 | H4: =IFERROR(SUMIFS('[1]Monthly Payroll'!P:P,'[1]Monthly Payroll'!D:D,A4),0) -> 0 | I4: =IFERROR(SUMIFS('[1]Monthly Payroll'!Q:Q,'[1]Monthly Payroll'!D:D,A4),0) -> 0 | J4: =IFERROR(SUMIFS('[1]Monthly Payroll'!R:R,'[1]Monthly Payroll'!D:D,A4),0) -> 0
A5: Admin | B5: =IFERROR(COUNTIFS('[1]Monthly Payroll'!D:D,A5),0) -> 0 | C5: =IFERROR(SUMIFS('[1]Monthly Payroll'!G:G,'[1]Monthly Payroll'!D:D,A5),0) -> 0 | D5: =IFERROR(SUMIFS('[1]Monthly Payroll'!L:L,'[1]Monthly Payroll'!D:D,A5),0) -> 0 | E5: =IFERROR(SUMIFS('[1]Monthly Payroll'!N:N,'[1]Monthly Payroll'!D:D,A5),0) -> 0 | F5: =IFERROR(SUMIFS('[1]Monthly Payroll'!M:M,'[1]Monthly Payroll'!D:D,A5),0) -> 0 | G5: =IFERROR(SUMIFS('[1]Monthly Payroll'!O:O,'[1]Monthly Payroll'!D:D,A5),0) -> 0 | H5: =IFERROR(SUMIFS('[1]Monthly Payroll'!P:P,'[1]Monthly Payroll'!D:D,A5),0) -> 0 | I5: =IFERROR(SUMIFS('[1]Monthly Payroll'!Q:Q,'[1]Monthly Payroll'!D:D,A5),0) -> 0 | J5: =IFERROR(SUMIFS('[1]Monthly Payroll'!R:R,'[1]Monthly Payroll'!D:D,A5),0) -> 0
A6: Sales | B6: =IFERROR(COUNTIFS('[1]Monthly Payroll'!D:D,A6),0) -> 0 | C6: =IFERROR(SUMIFS('[1]Monthly Payroll'!G:G,'[1]Monthly Payroll'!D:D,A6),0) -> 0 | D6: =IFERROR(SUMIFS('[1]Monthly Payroll'!L:L,'[1]Monthly Payroll'!D:D,A6),0) -> 0 | E6: =IFERROR(SUMIFS('[1]Monthly Payroll'!N:N,'[1]Monthly Payroll'!D:D,A6),0) -> 0 | F6: =IFERROR(SUMIFS('[1]Monthly Payroll'!M:M,'[1]Monthly Payroll'!D:D,A6),0) -> 0 | G6: =IFERROR(SUMIFS('[1]Monthly Payroll'!O:O,'[1]Monthly Payroll'!D:D,A6),0) -> 0 | H6: =IFERROR(SUMIFS('[1]Monthly Payroll'!P:P,'[1]Monthly Payroll'!D:D,A6),0) -> 0 | I6: =IFERROR(SUMIFS('[1]Monthly Payroll'!Q:Q,'[1]Monthly Payroll'!D:D,A6),0) -> 0 | J6: =IFERROR(SUMIFS('[1]Monthly Payroll'!R:R,'[1]Monthly Payroll'!D:D,A6),0) -> 0
A7: IT | B7: =IFERROR(COUNTIFS('[1]Monthly Payroll'!D:D,A7),0) -> 0 | C7: =IFERROR(SUMIFS('[1]Monthly Payroll'!G:G,'[1]Monthly Payroll'!D:D,A7),0) -> 0 | D7: =IFERROR(SUMIFS('[1]Monthly Payroll'!L:L,'[1]Monthly Payroll'!D:D,A7),0) -> 0 | E7: =IFERROR(SUMIFS('[1]Monthly Payroll'!N:N,'[1]Monthly Payroll'!D:D,A7),0) -> 0 | F7: =IFERROR(SUMIFS('[1]Monthly Payroll'!M:M,'[1]Monthly Payroll'!D:D,A7),0) -> 0 | G7: =IFERROR(SUMIFS('[1]Monthly Payroll'!O:O,'[1]Monthly Payroll'!D:D,A7),0) -> 0 | H7: =IFERROR(SUMIFS('[1]Monthly Payroll'!P:P,'[1]Monthly Payroll'!D:D,A7),0) -> 0 | I7: =IFERROR(SUMIFS('[1]Monthly Payroll'!Q:Q,'[1]Monthly Payroll'!D:D,A7),0) -> 0 | J7: =IFERROR(SUMIFS('[1]Monthly Payroll'!R:R,'[1]Monthly Payroll'!D:D,A7),0) -> 0
A8: Marketing | B8: =IFERROR(COUNTIFS('[1]Monthly Payroll'!D:D,A8),0) -> 0 | C8: =IFERROR(SUMIFS('[1]Monthly Payroll'!G:G,'[1]Monthly Payroll'!D:D,A8),0) -> 0 | D8: =IFERROR(SUMIFS('[1]Monthly Payroll'!L:L,'[1]Monthly Payroll'!D:D,A8),0) -> 0 | E8: =IFERROR(SUMIFS('[1]Monthly Payroll'!N:N,'[1]Monthly Payroll'!D:D,A8),0) -> 0 | F8: =IFERROR(SUMIFS('[1]Monthly Payroll'!M:M,'[1]Monthly Payroll'!D:D,A8),0) -> 0 | G8: =IFERROR(SUMIFS('[1]Monthly Payroll'!O:O,'[1]Monthly Payroll'!D:D,A8),0) -> 0 | H8: =IFERROR(SUMIFS('[1]Monthly Payroll'!P:P,'[1]Monthly Payroll'!D:D,A8),0) -> 0 | I8: =IFERROR(SUMIFS('[1]Monthly Payroll'!Q:Q,'[1]Monthly Payroll'!D:D,A8),0) -> 0 | J8: =IFERROR(SUMIFS('[1]Monthly Payroll'!R:R,'[1]Monthly Payroll'!D:D,A8),0) -> 0
A9: TOTAL | B9: =SUM(B7:B8) -> 0 | C9: =SUM(C7:C8) -> 0 | D9: =SUM(D7:D8) -> 0 | E9: =SUM(E7:E8) -> 0 | F9: =SUM(F7:F8) -> 0 | G9: =SUM(G7:G8) -> 0 | H9: =SUM(H7:H8) -> 0 | I9: =SUM(I7:I8) -> 0 | J9: =SUM(J7:J8) -> 0
A13: This summary auto-updates based on data from the 'Monthly Payroll' sheet. Modify departments or add new ones as needed.

Sheet Data_Link
A1: KPI | B1: Value
A2: Total Gross Payroll | B2: =SUM('Department Summary'!C2:C8) -> 0
A3: Total Deductions | B3: =SUM('Department Summary'!G2:G8) -> 0
A4: Total Net Pay | B4: =SUM('Department Summary'!H2:H8) -> 0
A5: Employer Pension | B5: =SUM('Department Summary'!I2:I8) -> 0
A6: Total Cost to Company | B6: =SUM('Department Summary'!J2:J8) -> 0

Sheet Dashboard
B1: COREHR CONSULTING — PAYROLL DASHBOARD
B3: Total Gross Payroll (₦)
B4: =Data_Link!B2 -> 0
B6: Total Deductions (₦)
B7: =Data_Link!B3 -> 0
B9: Total Net Pay (₦)
B10: =Data_Link!B4 -> 0
B12: Employer Pension (₦)
B13: =Data_Link!B5 -> 0
B15: Total Cost to Company (₦)
B16: =Data_Link!B6 -> 0
B40: © CoreHR Consulting | Empowering Nigerian businesses with compliant and practical HR systems.
