Workbook

Sheet Settings
A1: Item | B1: Value
A2: NSITF Rate (%) | B2: 1%
A3: ITF Rate (%) | B3: 1%
A4: Payroll Source | B4: Monthly Payroll

Sheet Statutory_Remittance_Register
A1: Month | B1: PAYE (₦) | C1: Pension (Employee) (₦) | D1: Pension (Employer) (₦) | E1: NHF (₦) | F1: NSITF (₦) | G1: ITF (₦) | H1: Total Remittance (₦) | I1: Payment Date | J1: Reference No | K1: Status | L1: Remarks | M1: Verified By
A2: January | B2: =SUM('[1]Monthly Payroll'!$L$9:$L$16) -> 0 | C2: =SUM('[1]Monthly Payroll'!$N$9:$N$16) -> 0 | D2: =SUM('[1]Monthly Payroll'!$S$9:$S$16) -> 0 | E2: =SUM('[1]Monthly Payroll'!$M$9:$M$16) -> 0 | F2: =SUM('[1]Monthly Payroll'!$B$20)*Settings!$B$2/12 -> 0 | G2: =SUM('[1]Monthly Payroll'!$B$21)*Settings!$B$3/12 -> 0 | K2: Pending
A3: February | B3: =SUM('[1]Monthly Payroll'!$L$9:$L$16) -> 0 | C3: =SUM('[1]Monthly Payroll'!$N$9:$N$16) -> 0 | D3: =SUM('[1]Monthly Payroll'!$S$9:$S$16) -> 0 | E3: =SUM('[1]Monthly Payroll'!$M$9:$M$16) -> 0 | F3: =SUM('[1]Monthly Payroll'!$B$20)*Settings!$B$2/12 -> 0 | G3: =SUM('[1]Monthly Payroll'!$B$21)*Settings!$B$3/12 -> 0 | K3: Pending
A4: March | B4: =SUM('[1]Monthly Payroll'!$L$9:$L$16) -> 0 | C4: =SUM('[1]Monthly Payroll'!$N$9:$N$16) -> 0 | D4: =SUM('[1]Monthly Payroll'!$S$9:$S$16) -> 0 | E4: =SUM('[1]Monthly Payroll'!$M$9:$M$16) -> 0 | F4: =SUM('[1]Monthly Payroll'!$B$20)*Settings!$B$2/12 -> 0 | G4: =SUM('[1]Monthly Payroll'!$B$21)*Settings!$B$3/12 -> 0 | K4: Pending
A5: April | B5: =SUM('[1]Monthly Payroll'!$L$9:$L$16) -> 0 | C5: =SUM('[1]Monthly Payroll'!$N$9:$N$16) -> 0 | D5: =SUM('[1]Monthly Payroll'!$S$9:$S$16) -> 0 | E5: =SUM('[1]Monthly Payroll'!$M$9:$M$16) -> 0 | F5: =SUM('[1]Monthly Payroll'!$B$20)*Settings!$B$2/12 -> 0 | G5: =SUM('[1]Monthly Payroll'!$B$21)*Settings!$B$3/12 -> 0 | K5: Pending
A6: May | B6: =SUM('[1]Monthly Payroll'!$L$9:$L$16) -> 0 | C6: =SUM('[1]Monthly Payroll'!$N$9:$N$16) -> 0 | D6: =SUM('[1]Monthly Payroll'!$S$9:$S$16) -> 0 | E6: =SUM('[1]Monthly Payroll'!$M$9:$M$16) -> 0 | F6: =SUM('[1]Monthly Payroll'!$B$20)*Settings!$B$2/12 -> 0 | G6: =SUM('[1]Monthly Payroll'!$B$21)*Settings!$B$3/12 -> 0 | K6: Pending
A7: June | B7: =SUM('[1]Monthly Payroll'!$L$9:$L$16) -> 0 | C7: =SUM('[1]Monthly Payroll'!$N$9:$N$16) -> 0 | D7: =SUM('[1]Monthly Payroll'!$S$9:$S$16) -> 0 | E7: =SUM('[1]Monthly Payroll'!$M$9:$M$16) -> 0 | F7: =SUM('[1]Monthly Payroll'!$B$20)*Settings!$B$2/12 -> 0 | G7: =SUM('[1]Monthly Payroll'!$B$21)*Settings!$B$3/12 -> 0 | K7: Pending
A8: July | B8: =SUM('[1]Monthly Payroll'!$L$9:$L$16) -> 0 | C8: =SUM('[1]Monthly Payroll'!$N$9:$N$16) -> 0 | D8: =SUM('[1]Monthly Payroll'!$S$9:$S$16) -> 0 | E8: =SUM('[1]Monthly Payroll'!$M$9:$M$16) -> 0 | F8: =SUM('[1]Monthly Payroll'!$B$20)*Settings!$B$2/12 -> 0 | G8: =SUM('[1]Monthly Payroll'!$B$21)*Settings!$B$3/12 -> 0 | K8: Pending
A9: August | B9: =SUM('[1]Monthly Payroll'!$L$9:$L$16) -> 0 | C9: =SUM('[1]Monthly Payroll'!$N$9:$N$16) -> 0 | D9: =SUM('[1]Monthly Payroll'!$S$9:$S$16) -> 0 | E9: =SUM('[1]Monthly Payroll'!$M$9:$M$16) -> 0 | F9: =SUM('[1]Monthly Payroll'!$B$20)*Settings!$B$2/12 -> 0 | G9: =SUM('[1]Monthly Payroll'!$B$21)*Settings!$B$3/12 -> 0 | K9: Pending
A10: September | B10: =SUM('[1]Monthly Payroll'!$L$9:$L$16) -> 0 | C10: =SUM('[1]Monthly Payroll'!$N$9:$N$16) -> 0 | D10: =SUM('[1]Monthly Payroll'!$S$9:$S$16) -> 0 | E10: =SUM('[1]Monthly Payroll'!$M$9:$M$16) -> 0 | F10: =SUM('[1]Monthly Payroll'!$B$20)*Settings!$B$2/12 -> 0 | G10: =SUM('[1]Monthly Payroll'!$B$21)*Settings!$B$3/12 -> 0 | K10: Pending
A11: October | B11: =SUM('[1]Monthly Payroll'!$L$9:$L$16) -> 0 | C11: =SUM('[1]Monthly Payroll'!$N$9:$N$16) -> 0 | D11: =SUM('[1]Monthly Payroll'!$S$9:$S$16) -> 0 | E11: =SUM('[1]Monthly Payroll'!$M$9:$M$16) -> 0 | F11: =SUM('[1]Monthly Payroll'!$B$20)*Settings!$B$2/12 -> 0 | G11: =SUM('[1]Monthly Payroll'!$B$21)*Settings!$B$3/12 -> 0 | K11: Pending
A12: November | B12: =SUM('[1]Monthly Payroll'!$L$9:$L$16) -> 0 | C12: =SUM('[1]Monthly Payroll'!$N$9:$N$16) -> 0 | D12: =SUM('[1]Monthly Payroll'!$S$9:$S$16) -> 0 | E12: =SUM('[1]Monthly Payroll'!$M$9:$M$16) -> 0 | F12: =SUM('[1]Monthly Payroll'!$B$20)*Settings!$B$2/12 -> 0 | G12: =SUM('[1]Monthly Payroll'!$B$21)*Settings!$B$3/12 -> 0 | K12: Pending
A13: December | B13: =SUM('[1]Monthly Payroll'!$L$9:$L$16) -> 0 | C13: =SUM('[1]Monthly Payroll'!$N$9:$N$16) -> 0 | D13: =SUM('[1]Monthly Payroll'!$S$9:$S$16) -> 0 | E13: =SUM('[1]Monthly Payroll'!$M$9:$M$16) -> 0 | F13: =SUM('[1]Monthly Payroll'!$B$20)*Settings!$B$2/12 -> 0 | G13: =SUM('[1]Monthly Payroll'!$B$21)*Settings!$B$3/12 -> 0 | K13: Pending
A14: TOTAL | B14: =SUM(B2:B13) -> 0 | C14: =SUM(C2:C13) -> 0 | D14: =SUM(D2:D13) -> 0 | E14: =SUM(E2:E13) -> 0 | F14: =SUM(F2:F13) -> 0 | G14: =SUM(G2:G13) -> 0 | H14: =SUM(H2:H13) -> 0
A16: © CoreHR Consulting | Empowering Nigerian businesses with compliant and practical HR systems.

Sheet Data_Link
A1: KPI | B1: Value (₦)
A2: Total PAYE | B2: =SUM(Statutory_Remittance_Register!B2:B13) -> 0
A3: Total Pension (Employee) | B3: =SUM(Statutory_Remittance_Register!C2:C13) -> 0
A4: Total Pension (Employer) | B4: =SUM(Statutory_Remittance_Register!D2:D13) -> 0
A5: Total NHF | B5: =SUM(Statutory_Remittance_Register!E2:E13) -> 0
A6: Total NSITF | B6: =SUM(Statutory_Remittance_Register!F2:F13) -> 0
A7: Total ITF | B7: =SUM(Statutory_Remittance_Register!G2:G13) -> 0
A8: Total Remittance (All Statutory) | B8: =SUM(Statutory_Remittance_Register!H2:H13) -> 0

Sheet Statutory_Dashboard
B2: COREHR CONSULTING — STATUTORY DASHBOARD
B4: Total PAYE (₦) | D4: Total Pension (Employee) (₦) | F4: Total Pension (Employer) (₦) | H4: Total NHF (₦) | J4: Total NSITF (₦) | L4: Total ITF (₦)
B5: =Data_Link!B2 -> 0 | D5: =Data_Link!B3 -> 0 | F5: =Data_Link!B4 -> 0 | H5: =Data_Link!B5 -> 0 | J5: =Data_Link!B6 -> 0 | L5: =Data_Link!B7 -> 0
B7: Total Statutory Remittance (₦)
B8: =Data_Link!B8 -> 0
B40: © CoreHR Consulting | Empowering Nigerian businesses with compliant and practical HR systems.
