Workbook

Sheet Instruction for use
B1: SHEET 1: Training_Attendance_Register | F1: SHEET 2: Summary | J1: SHEET 3: Settings(Demo data)
B3: Column | C3: Header | D3: Description | F3: Column | G3: Header | H3: Description | J3: Item | K3: Value
B4: A | C4: S/N | D4: Serial number (autofill) | F4: A | G4: Department | H4: Lists unique departments from the main sheet | J4: Default Training Hours | K4: 8
B5: B | C5: Employee Name | D5: Full name of participant | F5: B | G5: Total Participants | H5: =COUNTA(FILTER(Training_Attendance_Register!D:D,Training_Attendance_Register!D:D=A2)) | J5: Start Time | K5: 0.375
B6: C | C6: Staff ID | D6: Unique employee ID (optional) | F6: C | G6: Average Hours Trained | H6: =AVERAGEIFS(Training_Attendance_Register!J:J,Training_Attendance_Register!D:D,A2) | J6: End Time | K6: 0.70833333
B7: D | C7: Department | D7: Participant’s department | F7: D | G7: No. of Training Days | H7: =COUNTA(UNIQUE(FILTER(Training_Attendance_Register!G:G,Training_Attendance_Register!D:D=A2))) | J7: Departments | K7: (Enter list e.g. HR, Finance, Operations, IT, Sales)
B8: E | C8: Job Title | D8: Role or position | F8: E | G8: Facilitators Involved | H8: =COUNTA(UNIQUE(FILTER(Training_Attendance_Register!K:K,Training_Attendance_Register!D:D=A2))) | J8: Year | K8: 2025
B9: F | C9: Training Title | D9: Course name or module
B10: G | C10: Training Date | D10: Actual date of training
B11: H | C11: Sign-In Time | D11: Arrival time
B12: I | C12: Sign-Out Time | D12: Departure time
B13: J | C13: Total Hours | D13: = (I2-H2)*24 (formatted as number of hours)
B14: K | C14: Trainer / Facilitator Name | D14: Name of trainer
B15: L | C15: Signature (Participant) | D15: To be physically signed or typed
B16: M | C16: Remarks | D16: Attendance notes (e.g., Late, Full Day, Excused)
B18: 💡 Formatting Tips
B20: Freeze the top row (A1:M1).
B22: Apply beige #c9b287 fill with bold black font for headers.
B24: Widen columns A–M (~20 width average).
B26: Use data validation for “Department” (list from Settings sheet).
B28: 💡 Add a department-level chart (optional) — bar chart showing total participants vs average hours.
B30: 💡 Cells in this sheet should be referenced by the main sheet (e.g. for data validation lists and formulas).
B34: Instructions for Use
B36: 1️⃣ Before training, HR completes the Settings sheet and enters training title & dates.
B37: 2️⃣ Each day, attendance is recorded on the Training_Attendance_Register.
B38: 3️⃣ After training, HR reviews attendance accuracy and updates the Summary sheet automatically.
B39: 4️⃣ Save a copy of the file with the training title and month (e.g., Customer_Service_Training_July 2025.xlsx).
... B46: © CoreHR Consulting | All Rights Reserved

Sheet Training_Attendance_Register
A1: S/N | B1: Employee Name | C1: Staff ID | D1: Department | E1: Job Title | F1: Training Title | G1: Training Date | H1: Sign-In Time | I1: Sign-Out Time | J1: Total Hours | K1: Trainer / Facilitator Name | L1: Signature (Participant) | M1: Remarks
J2: =(I2-H2)*24 -> 0
J3: =(I3-H3)*24 -> 0
J4: =(I4-H4)*24 -> 0
J5: =(I5-H5)*24 -> 0
J6: =(I6-H6)*24 -> 0
J7: =(I7-H7)*24 -> 0
J8: =(I8-H8)*24 -> 0
J9: =(I9-H9)*24 -> 0
J10: =(I10-H10)*24 -> 0

Sheet Summary
A1: Department | B1: Total Participants | C1: Average Hours Trained | D1: No. of Training Days | E1: Facilitators Involved
A2: {=_xlfn.UNIQUE(Training_Attendance_Register!D2:D10)} -> 0 | B2: {=IFERROR(COUNTA(_xlfn._xlws.FILTER(Training_Attendance_Register!D:D,Training_Attendance_Register!D:D=A2)),0)} -> 1048575 | C2: =IFERROR(AVERAGEIFS(Training_Attendance_Register!J:J,Training_Attendance_Register!D:D,A2),0) -> 0 | D2: {=COUNTA(_xlfn.UNIQUE(_xlfn._xlws.FILTER(Training_Attendance_Register!G:G,Training_Attendance_Register!D:D=A2)))} -> 1 | E2: {=COUNTA(_xlfn.UNIQUE(_xlfn._xlws.FILTER(Training_Attendance_Register!K:K,Training_Attendance_Register!D:D=A2)))} -> 1
A3: {=_xlfn.UNIQUE(Training_Attendance_Register!D3:D11)} -> 0 | B3: {=IFERROR(COUNTA(_xlfn._xlws.FILTER(Training_Attendance_Register!D:D,Training_Attendance_Register!D:D=A3)),0)} -> 1048575 | C3: =IFERROR(AVERAGEIFS(Training_Attendance_Register!J:J,Training_Attendance_Register!D:D,A3),0) -> 0 | D3: {=COUNTA(_xlfn.UNIQUE(_xlfn._xlws.FILTER(Training_Attendance_Register!G:G,Training_Attendance_Register!D:D=A3)))} -> 1 | E3: {=COUNTA(_xlfn.UNIQUE(_xlfn._xlws.FILTER(Training_Attendance_Register!K:K,Training_Attendance_Register!D:D=A3)))} -> 1
A4: {=_xlfn.UNIQUE(Training_Attendance_Register!D4:D12)} -> 0 | B4: {=IFERROR(COUNTA(_xlfn._xlws.FILTER(Training_Attendance_Register!D:D,Training_Attendance_Register!D:D=A4)),0)} -> 1048575 | C4: =IFERROR(AVERAGEIFS(Training_Attendance_Register!J:J,Training_Attendance_Register!D:D,A4),0) -> 0 | D4: {=COUNTA(_xlfn.UNIQUE(_xlfn._xlws.FILTER(Training_Attendance_Register!G:G,Training_Attendance_Register!D:D=A4)))} -> 1 | E4: {=COUNTA(_xlfn.UNIQUE(_xlfn._xlws.FILTER(Training_Attendance_Register!K:K,Training_Attendance_Register!D:D=A4)))} -> 1
A5: {=_xlfn.UNIQUE(Training_Attendance_Register!D5:D13)} -> 0 | B5: {=IFERROR(COUNTA(_xlfn._xlws.FILTER(Training_Attendance_Register!D:D,Training_Attendance_Register!D:D=A5)),0)} -> 1048575 | C5: =IFERROR(AVERAGEIFS(Training_Attendance_Register!J:J,Training_Attendance_Register!D:D,A5),0) -> 0 | D5: {=COUNTA(_xlfn.UNIQUE(_xlfn._xlws.FILTER(Training_Attendance_Register!G:G,Training_Attendance_Register!D:D=A5)))} -> 1 | E5: {=COUNTA(_xlfn.UNIQUE(_xlfn._xlws.FILTER(Training_Attendance_Register!K:K,Training_Attendance_Register!D:D=A5)))} -> 1
A6: {=_xlfn.UNIQUE(Training_Attendance_Register!D6:D14)} -> 0 | B6: {=IFERROR(COUNTA(_xlfn._xlws.FILTER(Training_Attendance_Register!D:D,Training_Attendance_Register!D:D=A6)),0)} -> 1048575 | C6: =IFERROR(AVERAGEIFS(Training_Attendance_Register!J:J,Training_Attendance_Register!D:D,A6),0) -> 0 | D6: {=COUNTA(_xlfn.UNIQUE(_xlfn._xlws.FILTER(Training_Attendance_Register!G:G,Training_Attendance_Register!D:D=A6)))} -> 1 | E6: {=COUNTA(_xlfn.UNIQUE(_xlfn._xlws.FILTER(Training_Attendance_Register!K:K,Training_Attendance_Register!D:D=A6)))} -> 1

Sheet Settings
A1: Item | B1: Value
A2: Default Training Hours | B2: 8
A3: Start Time | B3: 9:00 AM
A4: End Time | B4: 5:00 PM
A5: Departments | B5: HR, Finance, Operations, IT, Sales
A6: Year | B6: 2025
